{
  "features": [
    "open",
    "high",
    "low",
    "close",
    "volume",
    "ret_1h",
    "logret_1h",
    "ret_6h",
    "ret_12h",
    "ret_24h",
    "ret_48h",
    "volatility_12h",
    "volatility_24h",
    "volatility_48h",
    "sma_10",
    "sma_20",
    "sma_50",
    "ema_10",
    "ema_20",
    "ema_50",
    "rsi_14",
    "macd",
    "macd_signal",
    "macd_hist",
    "bb_mid_20",
    "bb_upper_20",
    "bb_lower_20",
    "bb_width_20",
    "vol_chg_1h",
    "vol_sma_24",
    "vol_ratio_1h_24sma",
    "hl_range",
    "oc_range",
    "target_dir_12h"
  ],
  "mean": {
    "open": 2912.868639475998,
    "high": 2924.107747550081,
    "low": 2901.1642579913064,
    "close": 2912.945346445738,
    "volume": 2560401.4182672477,
    "ret_1h": 9.029750468174909e-05,
    "logret_1h": 2.4749296970980227e-05,
    "ret_6h": 0.0005080838529836347,
    "ret_12h": 0.0010164522642276417,
    "ret_24h": 0.002081696821647466,
    "ret_48h": 0.004101901214188421,
    "volatility_12h": 0.008561519289113187,
    "volatility_24h": 0.009004630801270662,
    "volatility_48h": 0.009322910657636348,
    "sma_10": 2912.5966108173457,
    "sma_20": 2912.207567319011,
    "sma_50": 2911.056865707346,
    "ema_10": 2912.59652664639,
    "ema_20": 2912.209915893083,
    "ema_50": 2911.0644148201636,
    "rsi_14": 50.05821387124518,
    "macd": 0.5397000053374237,
    "macd_signal": 0.5381654300521221,
    "macd_hist": 0.0015345754947033185,
    "bb_mid_20": 2912.207567319011,
    "bb_upper_20": 2963.0086984140307,
    "bb_lower_20": 2861.4064363048183,
    "bb_width_20": 0.05916117185489484,
    "vol_chg_1h": 0.418760465059733,
    "vol_sma_24": 2561518.4215768017,
    "vol_ratio_1h_24sma": 1.0242513955021058,
    "hl_range": 0.013312737223314242,
    "oc_range": 8.891427002946165e-05,
    "target_dir_12h": 0.4977235731579979
  },
  "std": {
    "open": 13562.928152715362,
    "high": 13609.969000153063,
    "low": 13514.066913046563,
    "close": 13563.229017587477,
    "volume": 11215135.925337784,
    "ret_1h": 0.011477128917840087,
    "logret_1h": 0.011443987871809135,
    "ret_6h": 0.027068727516548725,
    "ret_12h": 0.038679284466767945,
    "ret_24h": 0.05804122323030029,
    "ret_48h": 0.08430988605459777,
    "volatility_12h": 0.0069229987597551924,
    "volatility_24h": 0.006707692817909137,
    "volatility_48h": 0.0064664263781675,
    "sma_10": 13561.512215586199,
    "sma_20": 13559.643038371047,
    "sma_50": 13554.18567995291,
    "ema_10": 13561.34266403878,
    "ema_20": 13559.330593105964,
    "ema_50": 13553.460074257726,
    "rsi_14": 11.669946041775086,
    "macd": 83.39719764320479,
    "macd_signal": 78.27011654472383,
    "macd_hist": 25.742950514166584,
    "bb_mid_20": 13559.643038371047,
    "bb_upper_20": 13773.231172827454,
    "bb_lower_20": 13348.131439015477,
    "bb_width_20": 0.05304505244408645,
    "vol_chg_1h": 27.23374049904272,
    "vol_sma_24": 8973140.383719862,
    "vol_ratio_1h_24sma": 0.8615608712254317,
    "hl_range": 0.014297240830320482,
    "oc_range": 0.011393700677503798,
    "target_dir_12h": 0.49999510283477655
  },
  "target_scale": 100.0,
  "symbols": {
    "ADA": 0,
    "ATOM": 1,
    "AVAX": 2,
    "BCH": 3,
    "BNB": 4,
    "BTC": 5,
    "DOGE": 6,
    "DOT": 7,
    "ETC": 8,
    "ETH": 9,
    "FIL": 10,
    "HBAR": 11,
    "LINK": 12,
    "LTC": 13,
    "MATIC": 14,
    "NEAR": 15,
    "SOL": 16,
    "TRX": 17,
    "XLM": 18,
    "XRP": 19
  }
}